Domain Name,Domain Type,Agency,City,State
60jahresozialstaat.de,Federal Agency,Bundesministerium für Arbeit und Soziales,,
a9digital.de,Federal Agency,Bundesministerium für Verkehr und digitale Infrastruktur,,
adele-esf.de,Federal Agency,Bundesministerium für Arbeit und Soziales,,
agrowetter.de,Federal Agency,Deutscher Wetterdienst,,
agrowetter.eu,Federal Agency,Deutscher Wetterdienst,,
aktionsplan-allergien.de,Federal Agency,Bundesamt für Verbraucherschutz und Lebensmittelsicherheit,,
xn--allianz-fr-arbeitskrfte-f8b20d.de,Federal Agency,Bundesministerium für Arbeit und Soziales,,
xn--allianz-fr-fachkrfte-rzb33c.de,Federal Agency,Bundesministerium für Arbeit und Soziales,,
allianz-fuer-arbeitskraefte.de,Federal Agency,Bundesministerium für Arbeit und Soziales,,
allianz-fuer-fachkraefte.de,Federal Agency,Bundesministerium für Arbeit und Soziales,,
alpenflugwetter.com,Federal Agency,Deutscher Wetterdienst,,
alpenflugwetter.de,Federal Agency,Deutscher Wetterdienst,,
alpenflugwetter.eu,Federal Agency,Deutscher Wetterdienst,,
alpenwetter.eu,Federal Agency,Deutscher Wetterdienst,,
altersvorsorgemachtschule.com,Federal Agency,Bundesministerium für Arbeit und Soziales,,
altersvorsorgemachtschule.de,Federal Agency,Bundesministerium für Arbeit und Soziales,,
altersvorsorgemachtschule.info,Federal Agency,Bundesministerium für Arbeit und Soziales,,
altersvorsorgemachtschule.net,Federal Agency,Bundesministerium für Arbeit und Soziales,,
altersvorsorgemachtschule.org,Federal Agency,Bundesministerium für Arbeit und Soziales,,
anticorruption.help,Federal Agency,Bundesverwaltungsamt,,
arb-5.de,Federal Agency,Bundesministerium für Arbeit und Soziales,,
arbeit-4-null.de,Federal Agency,Bundesministerium für Arbeit und Soziales,,
arbeit-4-punkt-null.de,Federal Agency,Bundesministerium für Arbeit und Soziales,,
arbeitderzukunft.de,Federal Agency,Bundesministerium für Arbeit und Soziales,,
arbeiten-4-0.de,Federal Agency,Bundesministerium für Arbeit und Soziales,,
arbeiten4null.de,Federal Agency,Bundesministerium für Arbeit und Soziales,,
arbeiten4punktnull.de,Federal Agency,Bundesministerium für Arbeit und Soziales,,
arbeitenbis67.de,Federal Agency,Bundesministerium für Arbeit und Soziales,,
arbeitenviernull.de,Federal Agency,Bundesministerium für Arbeit und Soziales,,
arbeitenvierpunktnull.de,Federal Agency,Bundesministerium für Arbeit und Soziales,,
arbeit-psyche.de,Federal Agency,Bundesministerium für Arbeit und Soziales,,
arbeitsagentur.de,Federal Agency,Bundesagentur für Arbeit,,
arbeitsmarktreform.de,Federal Agency,Bundesministerium für Arbeit und Soziales,,
arbeitsministerium.eu,Federal Agency,Bundesministerium für Arbeit und Soziales,,
arbeitsschutz-forschung.de,Federal Agency,Bundesministerium für Arbeit und Soziales,,
arbeitvierpunktnull.de,Federal Agency,Bundesministerium für Arbeit und Soziales,,
armutsbericht.de,Federal Agency,Bundesministerium für Arbeit und Soziales,,
armutsundreichtumsbericht.de,Federal Agency,Bundesministerium für Arbeit und Soziales,,
asse.bund.de,Federal Agency,Bundesamt für Strahlenschutz,,
ausbildungsportal.org,Federal Agency,Bundesverwaltungsamt,,
auslandschulwesen.de,Federal Agency,Bundesverwaltungsamt,,
auslandsschulportal.de,Federal Agency,Bundesverwaltungsamt,,
auslandsschulwesen.de,Federal Agency,Bundesverwaltungsamt,,
auslandsschulwesen.eu,Federal Agency,Bundesverwaltungsamt,,
auslandsschulwesen.net,Federal Agency,Bundesverwaltungsamt,,
aussiedlerbeauftragter.de,Federal Agency,Beauftragter für Aussiedlerfragen und nationale Minderheiten,,
auswaertiges-amt.de,Federal Agency,Auswärtiges Amt,,
auswanderungswesen.de,Federal Agency,Bundesverwaltungsamt,,
aviation-weather.eu,Federal Agency,Deutscher Wetterdienst,,
baain.de,Federal Agency,"Bundesamt für Ausrüstung, Informationstechnik und Nutzung der Bundeswehr",,
badv.bund.de,Federal Agency,Bundesamt für zentrale Dienste und offene Vermögensfragen,,
bafa.de,Federal Agency,Bundesamt für Wirtschaft und Ausfuhrkontrolle,,
bafg.de,Federal Agency,Bundesanstalt für Gewässerkunde,,
bafoeg.online,Federal Agency,Bundesverwaltungsamt,,
bafoeg-rueckzahlung.de,Federal Agency,Bundesverwaltungsamt,,
bafza.de,Federal Agency,Bundesamt für Familie und zivilgesellschaftliche Aufgaben,,
bag.bund.de,Federal Agency,Bundesamt für Güterverkehr,,
ballonwetter.de,Federal Agency,Deutscher Wetterdienst,,
ballonwetter.eu,Federal Agency,Deutscher Wetterdienst,,
bam.de,Federal Agency,Bundesanstalt für Materialforschung und -prüfung,,
bamf.de,Federal Agency,Bundesamt für Migration und Flüchtlinge,,
bankenunion.de,Federal Agency,Bundesministerium der Finanzen,,
banu.bund.de,Federal Agency,Informationstechnikzentrum Bund,,
ba-reform.de,Federal Agency,Bundesministerium für Arbeit und Soziales,,
bast.de,Federal Agency,Bundesanstalt für Straßenwesen,,
bauminister.de,Federal Agency,Bundesministerium für Verkehr und digitale Infrastruktur,,
baw.de,Federal Agency,Bundesanstalt für Wasserbau,,
bbk.bund.de,Federal Agency,Bundesamt für Bevölkerungsschutz und Katastrophenhilfe,,
bbr.bund.de,Federal Agency,Bundesamt für Bauwesen und Raumordnung,,
bdbos.bund.de,Federal Agency,Bundesanstalt für den Digitalfunk der Behörden und Organisationen mit Sicherheitsaufgaben,,
behindern-ist-heilbar.de,Federal Agency,Bundesministerium für Arbeit und Soziales,,
beirat-raumentwicklung.de,Federal Agency,Bundesministerium für Verkehr und digitale Infrastruktur,,
bescha.bund.de,Federal Agency,Beschaffungsamt des Bundesministeriums des Innern,,
beschaeftigtebeteiligen.de,Federal Agency,Bundesministerium für Arbeit und Soziales,,
beschaeftigung-aelterer.de,Federal Agency,Bundesministerium für Arbeit und Soziales,,
xn--beschftigtebeteiligen-91b.de,Federal Agency,Bundesministerium für Arbeit und Soziales,,
xn--beschftigung-gestalten-44b.de,Federal Agency,Bundesministerium für Arbeit und Soziales,,
bev.bund.de,Federal Agency,Bundeseisenbahnvermögen,,
bevoelkerungsschutz.de,Federal Agency,Bundesamt für Bevölkerungsschutz und Katastrophenhilfe,,
bezuegerechner.bva.bund.de,Federal Agency,Bundesverwaltungsamt,,
bfarm.de,Federal Agency,Bundesinstitut für Arzneimittel und Medizinprodukte,,
bfb-bund.de,Federal Agency,Bundesmonopolverwaltung für Branntwein,,
bfdi.bund.de,Federal Agency,Die Bundesbeauftragte für den Datenschutz und die Informationsfreiheit,,
bfe.bund.de,Federal Agency,Bundesamt für kerntechnische Entsorgung,,
bfn.de,Federal Agency,Bundesamt für Naturschutz,,
bfr.bund.de,Federal Agency,Bundesinstitut für Risikobewertung,,
bfs.de,Federal Agency,Bundesamt für Strahlenschutz,,
bfu-web.de,Federal Agency,Bundesstelle für Flugunfalluntersuchung,,
bgr.bund.de,Federal Agency,Bundesanstalt für Geowissenschaften und Rohstoffe,,
bildungskredit.de,Federal Agency,Bundesverwaltungsamt,,
bildungskredit.online,Federal Agency,Bundesverwaltungsamt,,
bildungspaket-bmas.de,Federal Agency,Bundesministerium für Arbeit und Soziales,,
bildungszentrum.bundeswehr.de,Federal Agency,Bildungszentrum der Bundeswehr,,
bisp.de,Federal Agency,Bundesinstitut für Sportwissenschaft,,
bit.bund.de,Federal Agency,Informationstechnikzentrum Bund,,
bitv-lotse.bund.de,Federal Agency,Bundesministerium für Arbeit und Soziales,,
bitvlotse.de,Federal Agency,Bundesministerium für Arbeit und Soziales,,
bka-bund.de,Federal Agency,Bundeskriminalamt,,
bka.de,Federal Agency,Bundeskriminalamt,,
bkg.bund.de,Federal Agency,Bundesamt für Kartographie und Geodäsie,,
ble.de,Federal Agency,Bundesanstalt für Landwirtschaft und Ernährung,,
blickpunkt-bundestag.de,Federal Agency,Bundestag,,
bma.de,Federal Agency,Bundesministerium für Arbeit und Soziales,,
bmas-alleinerziehende.de,Federal Agency,Bundesministerium für Arbeit und Soziales,,
bmas.de,Federal Agency,Bundesministerium für Arbeit und Soziales,,
bmas.eu,Federal Agency,Bundesministerium für Arbeit und Soziales,,
bmas.mobi,Federal Agency,Bundesministerium für Arbeit und Soziales,,
bmbf.de,Federal Agency,Bundesministerium für Bildung und Forschung,,
bmel.de,Federal Agency,Bundesministerium für Ernährung und Landwirtschaft,,
bmfsfj.de,Federal Agency,"Bundesministerium für Familie, Senioren, Frauen und Jugend",,
bmg.bund.de,Federal Agency,Bundesministerium für Gesundheit,,
bmi.bund.de,Federal Agency,Bundesministerium des Innern,,
bmjv.de,Federal Agency,Bundesministerium der Justiz und für Verbraucherschutz,,
bmub.bund.de,Federal Agency,"Bundesministerium für Umwelt, Naturschutz, Bau und Reaktorsicherheit",,
bmvbs.de,Federal Agency,Bundesministerium für Verkehr und digitale Infrastruktur,,
bmvg.de,Federal Agency,Bundesministerium der Verteidigung,,
bmvi.de,Federal Agency,Bundesministerium für Verkehr und digitale Infrastruktur,,
bmvi.eu,Federal Agency,Bundesministerium für Verkehr und digitale Infrastruktur,,
bmvi.info,Federal Agency,Bundesministerium für Verkehr und digitale Infrastruktur,,
bmvi.net,Federal Agency,Bundesministerium für Verkehr und digitale Infrastruktur,,
bmvi.org,Federal Agency,Bundesministerium für Verkehr und digitale Infrastruktur,,
bmwi.de,Federal Agency,Bundesministerium für Wirtschaft und Energie,,
bmz.de,Federal Agency,Bundesministerium für wirtschaftliche Zusammenarbeit und Entwicklung,,
bnd.de,Federal Agency,Bundesnachrichtendienst,,
bpatg.de,Federal Agency,Bundespatentgericht,,
bpb.de,Federal Agency,Bundeszentrale für politische Bildung,,
breitbandatlas.de,Federal Agency,Bundesministerium für Verkehr und digitale Infrastruktur,,
briefing4aviation.com,Federal Agency,Deutscher Wetterdienst,,
briefing4aviation.de,Federal Agency,Deutscher Wetterdienst,,
briefing4aviation.eu,Federal Agency,Deutscher Wetterdienst,,
briefing4pilot.com,Federal Agency,Deutscher Wetterdienst,,
briefing4pilot.de,Federal Agency,Deutscher Wetterdienst,,
briefing4pilot.eu,Federal Agency,Deutscher Wetterdienst,,
bsg.bund.de,Federal Agency,Bundessozialgericht,,
bsh.de,Federal Agency,Bundesamt für Seeschifffahrt und Hydrographie,,
bsi.bund.de,Federal Agency,Bundesamt für Sicherheit in der Informationstechnik,,
bspc2007.de,Federal Agency,Bundestag,,
bstu.bund.de,Federal Agency,Bundesbeauftragter für die Unterlagen des Staatssicherheitsdienstes der ehemaligen DDR,,
bsu-bund.de,Federal Agency,Bundesstelle für Seeunfalluntersuchung,,
budget.bmas.de,Federal Agency,Bundesministerium für Arbeit und Soziales,,
budget.bmas.mobi,Federal Agency,Bundesministerium für Arbeit und Soziales,,
bund.de,Federal Agency,Bundesverwaltungsamt,,
bundesarbeitsgericht.de,Federal Agency,Bundesarbeitsgericht,,
bundesarbeitsministerium.de,Federal Agency,Bundesministerium für Arbeit und Soziales,,
bundesarbeitsministerium.eu,Federal Agency,Bundesministerium für Arbeit und Soziales,,
bundesarchiv.de,Federal Agency,Bundesarchiv,,
bundesausgleichsamt.de,Federal Agency,Bundesausgleichsamt,,
bundesbank.de,Federal Agency,Deutsche Bundesbank,,
bundesbauminister.com,Federal Agency,Bundesministerium für Verkehr und digitale Infrastruktur,,
bundesbauminister.de,Federal Agency,Bundesministerium für Verkehr und digitale Infrastruktur,,
bundesbauministerium.com,Federal Agency,Bundesministerium für Verkehr und digitale Infrastruktur,,
bundesbauministerium.de,Federal Agency,Bundesministerium für Verkehr und digitale Infrastruktur,,
bundesbauministerium.net,Federal Agency,Bundesministerium für Verkehr und digitale Infrastruktur,,
bundesbauministerium.org,Federal Agency,Bundesministerium für Verkehr und digitale Infrastruktur,,
bundesbauminister.net,Federal Agency,Bundesministerium für Verkehr und digitale Infrastruktur,,
bundesbauminister.org,Federal Agency,Bundesministerium für Verkehr und digitale Infrastruktur,,
bundescriminalamt.de,Federal Agency,Bundeskriminalamt,,
bundesfinanzhof.de,Federal Agency,Bundesfinanzhof,,
bundesfinanzministerium.de,Federal Agency,Bundesministerium der Finanzen,,
bundesgerichtshof.de,Federal Agency,Bundesgerichtshof,,
bundeshaus.de,Federal Agency,Bundestag,,
bundeshaushalt-info.de,Federal Agency,Bundesministerium der Finanzen,,
bundesinfrastrukturministerium.de,Federal Agency,Bundesministerium für Verkehr und digitale Infrastruktur,,
bundesjustizamt.de,Federal Agency,Bundesamt für Justiz,,
bundeskanzleramt.de,Federal Agency,Bundeskanzleramt,,
bundeskanzlerin.de,Federal Agency,Bundeskanzlerin,,
bundeskartellamt.de,Federal Agency,Bundeskartellamt,,
bundeskriminalamt.de,Federal Agency,Bundeskriminalamt,,
bundeskriminalamt.eu,Federal Agency,Bundeskriminalamt,,
bundeskriminalamt.info,Federal Agency,Bundeskriminalamt,,
bundeskriminalamt.net,Federal Agency,Bundeskriminalamt,,
bundeskriminalamt.org,Federal Agency,Bundeskriminalamt,,
bundesministerium-fuer-arbeit-und-soziales.eu,Federal Agency,Bundesministerium für Arbeit und Soziales,,
bundesministerium-fuer-stadtentwicklung.de,Federal Agency,Bundesministerium für Verkehr und digitale Infrastruktur,,
bundesnetzagentur.de,Federal Agency,Bundesnetzagentur,,
bundespolizei.de,Federal Agency,Bundespolizeipräsidium,,
bundespraesident.de,Federal Agency,Bundespräsident,,
bundespruefstelle.de,Federal Agency,Bundesprüfstelle für jugendgefährdende Medien,,
bundesrat.de,Federal Agency,Bundesrat,,
bundesrechnungshof.de,Federal Agency,Bundesrechnungshof,,
bundesregierung.de,Federal Agency,Bundesregierung,,
bundessortenamt.de,Federal Agency,Bundessortenamt,,
bundessozialgericht.de,Federal Agency,Bundessozialgericht,,
bundessozialministerium.de,Federal Agency,Bundesministerium für Arbeit und Soziales,,
bundessozialministerium.eu,Federal Agency,Bundesministerium für Arbeit und Soziales,,
bundessprachenamt.de,Federal Agency,Bundessprachenamt,,
bundesstelle-fuer-informationstechnik.de,Federal Agency,Bundesverwaltungsamt,,
bundestag.de,Federal Agency,Deutscher Bundestag,,
bundestag.eu,Federal Agency,Bundestag,,
bundestag-magazin.de,Federal Agency,Bundestag,,
bundestag.mobi,Federal Agency,Bundestag,,
bundestag-online.de,Federal Agency,Bundestag,,
bundestagsarena.de,Federal Agency,Bundestag,,
bundestagspraesident.de,Federal Agency,Bundestag,,
bundestagspraesidentin.de,Federal Agency,Bundestag,,
bundestag-und-schule.de,Federal Agency,Bundestag,,
bundesverfassungsgericht.de,Federal Agency,Bundesverfassungsgericht,,
bundesverkehrsminister.com,Federal Agency,Bundesministerium für Verkehr und digitale Infrastruktur,,
bundesverkehrsminister.de,Federal Agency,Bundesministerium für Verkehr und digitale Infrastruktur,,
bundesverkehrsministerium.com,Federal Agency,Bundesministerium für Verkehr und digitale Infrastruktur,,
bundesverkehrsministerium.de,Federal Agency,Bundesministerium für Verkehr und digitale Infrastruktur,,
bundesverkehrsministerium.net,Federal Agency,Bundesministerium für Verkehr und digitale Infrastruktur,,
bundesverkehrsministerium.org,Federal Agency,Bundesministerium für Verkehr und digitale Infrastruktur,,
bundesverkehrsminister.net,Federal Agency,Bundesministerium für Verkehr und digitale Infrastruktur,,
bundesverkehrsminister.org,Federal Agency,Bundesministerium für Verkehr und digitale Infrastruktur,,
bundesversammlung.de,Federal Agency,Bundestag,,
bundesversicherungsamt.de,Federal Agency,Bundesversicherungsamt,,
bundesverwaltungsamt.de,Federal Agency,Bundesverwaltungsamt,,
bundesverwaltungsgericht.de,Federal Agency,Bundesverwaltungsgericht,,
bundeswehr-karriere.de,Federal Agency,Bundesamt für das Personalmanagement der Bundeswehr,,
bund.online,Federal Agency,Bundesverwaltungsamt,,
bund.services,Federal Agency,Bundesverwaltungsamt,,
bva.bund.de,Federal Agency,Bundesverwaltungsamt,,
bva-dienstleistungszentrum.de,Federal Agency,Bundesverwaltungsamt,,
bva.services,Federal Agency,Bundesverwaltungsamt,,
bva.website,Federal Agency,Bundesverwaltungsamt,,
bvl.bund.de,Federal Agency,Bundesamt für Verbraucherschutz und Lebensmittelsicherheit,,
bvwp2015.de,Federal Agency,Bundesministerium für Verkehr und digitale Infrastruktur,,
bzga.de,Federal Agency,Bundeszentrale für gesundheitliche Aufklärung,,
bzst.bund.de,Federal Agency,Bundeszentralamt für Steuern,,
caf-netzwerk.de,Federal Agency,Bundesverwaltungsamt,,
cert-bund.de,Federal Agency,Bundesamt für Sicherheit in der Informationstechnik,,
cerwis.eu,Federal Agency,Deutscher Wetterdienst,,
chancen-mit-erfahrung.de,Federal Agency,Bundesministerium für Arbeit und Soziales,,
CIEC-Deutschland.de,Federal Agency,Bundesministerium des Innern,,
cio.bund.de,Federal Agency,Der Beauftragte der Bundesregierung für Informationstechnik,,
climatemonitoring.de,Federal Agency,Deutscher Wetterdienst,,
climatemonitoring.eu,Federal Agency,Deutscher Wetterdienst,,
climateservice.eu,Federal Agency,Deutscher Wetterdienst,,
climateservices.de,Federal Agency,Deutscher Wetterdienst,,
climateservices.eu,Federal Agency,Deutscher Wetterdienst,,
cmsaf.eu,Federal Agency,Deutscher Wetterdienst,,
csrindeutschland.de,Federal Agency,Bundesministerium für Arbeit und Soziales,,
csringermany.de,Federal Agency,Bundesministerium für Arbeit und Soziales,,
csrmadeingermany.de,Federal Agency,Bundesministerium für Arbeit und Soziales,,
csr-preis-bund.de,Federal Agency,Bundesministerium für Arbeit und Soziales,,
csr-unternehmenswerte.de,Federal Agency,Bundesministerium für Arbeit und Soziales,,
das-bildungspaket.de,Federal Agency,Bundesministerium für Arbeit und Soziales,,
das-demographie-netzwerk.de,Federal Agency,Bundesministerium für Arbeit und Soziales,,
das-halbe-leben.com,Federal Agency,Bundesministerium für Arbeit und Soziales,,
dashalbeleben.de,Federal Agency,Bundesministerium für Arbeit und Soziales,,
das-halbe-leben.net,Federal Agency,Bundesministerium für Arbeit und Soziales,,
das-jobcenter.de,Federal Agency,Bundesministerium für Arbeit und Soziales,,
das-parlament.de,Federal Agency,Bundestag,,
das-rentenpaket.de,Federal Agency,Bundesministerium für Arbeit und Soziales,,
das-rentenreformpaket.de,Federal Agency,Bundesministerium für Arbeit und Soziales,,
datenhandbuch-bundestag.de,Federal Agency,Bundestag,,
dates-esf.de,Federal Agency,Bundesministerium für Arbeit und Soziales,,
dates-esf-test.de,Federal Agency,Bundesministerium für Arbeit und Soziales,,
dbtg.eu,Federal Agency,Bundestag,,
dbtg-newsletter.de,Federal Agency,Bundestag,,
dbtg.tv,Federal Agency,Bundestag,,
dbt-internet.de,Federal Agency,Bundestag,,
dehst.de,Federal Agency,Deutsche Emissionshandelsstelle,,
demograf.de,Federal Agency,Bundesministerium für Arbeit und Soziales,,
derbevoelkerung.de,Federal Agency,Bundestag,,
der-demograf.de,Federal Agency,Bundesministerium für Arbeit und Soziales,,
der-mindestlohn.de,Federal Agency,Bundesministerium für Arbeit und Soziales,,
der-mindestlohn-gilt.de,Federal Agency,Bundesministerium für Arbeit und Soziales,,
der-mindestlohn-kommt.de,Federal Agency,Bundesministerium für Arbeit und Soziales,,
der-mindestlohn-wirkt.de,Federal Agency,Bundesministerium für Arbeit und Soziales,,
destatis.de,Federal Agency,Statistisches Bundesamt,,
deutsche-polizei.eu,Federal Agency,Bundeskriminalamt,,
deutscher-bundestag.de,Federal Agency,Bundestag,,
deutscher-bundestag.eu,Federal Agency,Bundestag,,
deutscherdom.de,Federal Agency,Bundestag,,
deutscher-klimaatlas.de,Federal Agency,Deutscher Wetterdienst,,
deutscher-wetterdienst.com,Federal Agency,Deutscher Wetterdienst,,
deutscher-wetterdienst.de,Federal Agency,Deutscher Wetterdienst,,
deutscher-wetterdienst.eu,Federal Agency,Deutscher Wetterdienst,,
deutschesheer.de,Federal Agency,Kommando Heer,,
deutsches-klimaportal.de,Federal Agency,Deutscher Wetterdienst,,
deutsches-parlament.eu,Federal Agency,Bundestag,,
deutschland-wird-inklusiv.de,Federal Agency,Bundesministerium für Arbeit und Soziales,,
dienstleistungszentrum.de,Federal Agency,Bundesverwaltungsamt,,
dienstreisezentrum.de,Federal Agency,Bundesverwaltungsamt,,
die-rente.com,Federal Agency,Bundesministerium für Arbeit und Soziales,,
die-rente.info,Federal Agency,Bundesministerium für Arbeit und Soziales,,
die-rente.net,Federal Agency,Bundesministerium für Arbeit und Soziales,,
die-rente.org,Federal Agency,Bundesministerium für Arbeit und Soziales,,
digitaleautobahn.de,Federal Agency,Bundesministerium für Verkehr und digitale Infrastruktur,,
digitales-testfeld-autobahn.de,Federal Agency,Bundesministerium für Verkehr und digitale Infrastruktur,,
digitalestestfeld.de,Federal Agency,Bundesministerium für Verkehr und digitale Infrastruktur,,
dimdi.de,Federal Agency,Deutsches Institut für Medizinische Dokumentation und Information,,
dip21.de,Federal Agency,Bundestag,,
dip-online.de,Federal Agency,Bundestag,,
d-klip.de,Federal Agency,Deutscher Wetterdienst,,
doi-de.net,Federal Agency,Bundesverwaltungsamt,,
doi-sec-de.net,Federal Agency,Bundesverwaltungsamt,,
dpma.de,Federal Agency,Deutsches Patent- und Markenamt,,
dsd.online,Federal Agency,Bundesverwaltungsamt,,
dsd-weltweit.de,Federal Agency,Bundesverwaltungsamt,,
dta9.de,Federal Agency,Bundesministerium für Verkehr und digitale Infrastruktur,,
dvdv.de,Federal Agency,Bundesverwaltungsamt,,
dwd.bund.de,Federal Agency,Deutscher Wetterdienst,,
dwd.de,Federal Agency,Deutscher Wetterdienst,,
dwd.eu,Federal Agency,Deutscher Wetterdienst,,
dwd-shop.de,Federal Agency,Deutscher Wetterdienst,,
dwd-shop.eu,Federal Agency,Deutscher Wetterdienst,,
eba.bund.de,Federal Agency,Eisenbahn-Bundesamt,,
e-bundestag.de,Federal Agency,Bundestag,,
e-goverment.eu,Federal Agency,Bundestag,,
einfach-leichte-sprache.de,Federal Agency,Bundesministerium für Arbeit und Soziales,,
einfachteilhaben.de,Federal Agency,Bundesministerium für Arbeit und Soziales,,
einfachteilhaben.mobi,Federal Agency,Bundesministerium für Arbeit und Soziales,,
xn--einsatzfrarbeit-6vb.de,Federal Agency,Bundesministerium für Arbeit und Soziales,,
einsatzfuerarbeit.de,Federal Agency,Bundesministerium für Arbeit und Soziales,,
ein-und-ausblicke.de,Federal Agency,Bundestag,,
energie-fuer-morgen.de,Federal Agency,Bundesministerium für Verkehr und digitale Infrastruktur,,
eparlament.de,Federal Agency,Bundestag,,
e-parliament.de,Federal Agency,Bundestag,,
equal.de,Federal Agency,Bundesministerium für Arbeit und Soziales,,
esa-cloud-cci.eu,Federal Agency,Deutscher Wetterdienst,,
esa-cloud-cci.info,Federal Agency,Deutscher Wetterdienst,,
esa-cloud-cci.net,Federal Agency,Deutscher Wetterdienst,,
esa-cloud-cci.org,Federal Agency,Deutscher Wetterdienst,,
esf.de,Federal Agency,Bundesministerium für Arbeit und Soziales,,
esf-foerderung.de,Federal Agency,Bundesministerium für Arbeit und Soziales,,
esf-in-deutschland.de,Federal Agency,Bundesministerium für Arbeit und Soziales,,
esf-meine-geschichte.de,Federal Agency,Bundesministerium für Arbeit und Soziales,,
esf-programm.de,Federal Agency,Bundesministerium für Arbeit und Soziales,,
european-enet.org,Federal Agency,Bundeskriminalamt,,
evergabe-online.info,Federal Agency,Beschaffungsamt des Bundesministeriums des Innern,,
fachkraefte-allianz.de,Federal Agency,Bundesministerium für Arbeit und Soziales,,
fachkraefteoffensive.de,Federal Agency,Bundesministerium für Arbeit und Soziales,,
fachkraeftewoche.de,Federal Agency,Bundesministerium für Arbeit und Soziales,,
xn--fachkrfte-allianz-vqb.de,Federal Agency,Bundesministerium für Arbeit und Soziales,,
xn--fachkrfteoffensive-qtb.de,Federal Agency,Bundesministerium für Arbeit und Soziales,,
xn--fachkrftewoche-bib.de,Federal Agency,Bundesministerium für Arbeit und Soziales,,
favorit.de,Federal Agency,Bundesverwaltungsamt,,
federal-ministry-of-finance.de,Federal Agency,Bundesministerium der Finanzen,,
finanzforscher.de,Federal Agency,Bundesministerium der Finanzen,,
fli.bund.de,Federal Agency,"Friedrich-Loeffler-Institut, Bundesforschungsinstitut für Tiergesundheit",,
flugmet.de,Federal Agency,Deutscher Wetterdienst,,
flugmet.eu,Federal Agency,Deutscher Wetterdienst,,
flugwetter-beratung.de,Federal Agency,Deutscher Wetterdienst,,
flugwetter.de,Federal Agency,Deutscher Wetterdienst,,
flugwetter.eu,Federal Agency,Deutscher Wetterdienst,,
foerdern-und-fordern.info,Federal Agency,Bundesministerium für Arbeit und Soziales,,
fondsheimkinder.de,Federal Agency,Bundesministerium für Arbeit und Soziales,,
fons-civitatis.de,Federal Agency,Bundesverwaltungsamt,,
xn--frdern-und-fordern-d3b.info,Federal Agency,Bundesministerium für Arbeit und Soziales,,
xn--freinlebenswertesland-8hc.de,Federal Agency,Bundesministerium für Arbeit und Soziales,,
fuereinlebenswertesland.de,Federal Agency,Bundesministerium für Arbeit und Soziales,,
gcos.de,Federal Agency,Deutscher Wetterdienst,,
gda-psyche.de,Federal Agency,Bundesministerium für Arbeit und Soziales,,
gemeinsam-einfach-machen.de,Federal Agency,Bundesministerium für Arbeit und Soziales,,
generalbundesanwalt.de,Federal Agency,Generalbundesanwalt beim Bundesgerichtshof,,
generationenarbeit.de,Federal Agency,Bundesministerium für Arbeit und Soziales,,
generationpraktikum.de,Federal Agency,Bundesministerium für Arbeit und Soziales,,
gesundheitswetter.eu,Federal Agency,Deutscher Wetterdienst,,
gisc-germany.eu,Federal Agency,Deutscher Wetterdienst,,
gisc-offenbach.eu,Federal Agency,Deutscher Wetterdienst,,
glasklar-bundestag.de,Federal Agency,Bundestag,,
globalisierungsfonds.de,Federal Agency,Bundesministerium für Arbeit und Soziales,,
government-site-builder.de,Federal Agency,Bundesverwaltungsamt,,
gp-habitat.de,Federal Agency,Bundestag,,
gph-habitat.de,Federal Agency,Bundestag,,
gruan.org,Federal Agency,Deutscher Wetterdienst,,
gsnmc.eu,Federal Agency,Deutscher Wetterdienst,,
gute-arbeit-alleinerziehende.de,Federal Agency,Bundesministerium für Arbeit und Soziales,,
hartziv.de,Federal Agency,Bundesministerium für Arbeit und Soziales,,
heimkinder-fonds.de,Federal Agency,Bundesministerium für Arbeit und Soziales,,
hinzuverdienstrechner.de,Federal Agency,Bundesministerium für Arbeit und Soziales,,
ida.de,Federal Agency,Bundesministerium für Arbeit und Soziales,,
infrastrukturministerium.de,Federal Agency,Bundesministerium für Verkehr und digitale Infrastruktur,,
xn--initiative-fr-fachkraefte-qwc.de,Federal Agency,Bundesministerium für Arbeit und Soziales,,
xn--initiative-fr-fachkrfte-f8b50d.de,Federal Agency,Bundesministerium für Arbeit und Soziales,,
initiative-neue-qualitaet-der-arbeit.de,Federal Agency,Bundesministerium für Arbeit und Soziales,,
inklusionslandkarte.de,Federal Agency,Bundesministerium für Arbeit und Soziales,,
innerersicherheitsfonds.de,Federal Agency,Bundeskriminalamt,,
inqa-bestellservice.de,Federal Agency,Bundesministerium für Arbeit und Soziales,,
inqa-check.de,Federal Agency,Bundesministerium für Arbeit und Soziales,,
inqa-ddn.de,Federal Agency,Bundesministerium für Arbeit und Soziales,,
inqa.de,Federal Agency,Bundesministerium für Arbeit und Soziales,,
inqa-demografie.de,Federal Agency,Bundesministerium für Arbeit und Soziales,,
inqa-demographie.de,Federal Agency,Bundesministerium für Arbeit und Soziales,,
inqa-demographie-netzwerk.de,Federal Agency,Bundesministerium für Arbeit und Soziales,,
inqa-epoxibewertung.de,Federal Agency,Bundesministerium für Arbeit und Soziales,,
inqa-kmu.de,Federal Agency,Bundesministerium für Arbeit und Soziales,,
inqa-mittelstand.de,Federal Agency,Bundesministerium für Arbeit und Soziales,,
inqa-pflege.de,Federal Agency,Bundesministerium für Arbeit und Soziales,,
inqa-produktion.de,Federal Agency,Bundesministerium für Arbeit und Soziales,,
inqa-stress.de,Federal Agency,Bundesministerium für Arbeit und Soziales,,
integration-in-deutschland.de,Federal Agency,Bundesamt für Migration und Flüchtlinge,,
internetenquete.de,Federal Agency,Bundestag,,
isyfact.de,Federal Agency,Bundesverwaltungsamt,,
isyfact-standards.de,Federal Agency,Bundesverwaltungsamt,,
itzbund.de,Federal Agency,Informationstechnikzentrum Bund,,
iud.bundeswehr.de,Federal Agency,"Bundesamt für Infrastruktur, Umweltschutz und Dienstleistungen der Bundeswehr",,
jakob-kaiser-haus.de,Federal Agency,Bundestag,,
jki.bund.de,Federal Agency,"Julius-Kühn Institut, Bundesforschungsinstitut für Kulturpflanzen",,
job3punkt0.de,Federal Agency,Bundesministerium für Arbeit und Soziales,,
job3punktnull.de,Federal Agency,Bundesministerium für Arbeit und Soziales,,
jobcenterreform.de,Federal Agency,Bundesministerium für Arbeit und Soziales,,
jobcenterservice.de,Federal Agency,Bundesministerium für Arbeit und Soziales,,
jobcentersuche.de,Federal Agency,Bundesministerium für Arbeit und Soziales,,
job-drei-null.de,Federal Agency,Bundesministerium für Arbeit und Soziales,,
jobdreipunktnull.de,Federal Agency,Bundesministerium für Arbeit und Soziales,,
jobsohnebarrieren.de,Federal Agency,Bundesministerium für Arbeit und Soziales,,
jugendinarbeit.de,Federal Agency,Bundesministerium für Arbeit und Soziales,,
kba.de,Federal Agency,Kraftfahrt-Bundesamt,,
kbst.bund.de,Federal Agency,Der Beauftragte der Bundesregierung für Informationstechnik,,
kfw-foerderbank.de,Federal Agency,KfW-Kommunalbank,,
kinderkommission.de,Federal Agency,Bundestag,,
kkr.bund.de,Federal Agency,Kompetenzzentrum für das Kassen- und Rechnungswesen des Bundes,,
klimadaten.eu,Federal Agency,Deutscher Wetterdienst,,
klimadeutschland.de,Federal Agency,Deutscher Wetterdienst,,
klimagutachten.eu,Federal Agency,Deutscher Wetterdienst,,
klimamonitoring.de,Federal Agency,Deutscher Wetterdienst,,
klimaservices.de,Federal Agency,Deutscher Wetterdienst,,
klimaueberwachung.de,Federal Agency,Deutscher Wetterdienst,,
klimaueberwachung.eu,Federal Agency,Deutscher Wetterdienst,,
kliwas.de,Federal Agency,Deutscher Wetterdienst,,
kommando.streitkraeftebasis.de,Federal Agency,Amt für den Militärischen Abschirmdienst,,
kulturstaatsminister.de,Federal Agency,Die Beauftragte der Bundesregierung für Kultur und Medien,,
kunst-im-bundestag.de,Federal Agency,Bundestag,,
kuppel-kucker.de,Federal Agency,Bundestag,,
kuppel-kucker.info,Federal Agency,Bundestag,,
kuppel-kucker.org,Federal Agency,Bundestag,,
lba.de,Federal Agency,Luftfahrt-Bundesamt,,
lebenslagen-in-deutschland.de,Federal Agency,Bundesministerium für Arbeit und Soziales,,
leitfadeninklusion.de,Federal Agency,Bundesministerium für Arbeit und Soziales,,
lernplattform.bund.de,Federal Agency,Hochschule des Bundes für öffentliche Verwaltung,,
lohntarifpaket.de,Federal Agency,Bundesministerium für Arbeit und Soziales,,
luftwaffe.de,Federal Agency,Kommando Luftwaffe,,
mad.bundeswehr.de,Federal Agency,Amt für den Militärischen Abschirmdienst,,
marie-elisabeth-lueders-haus.de,Federal Agency,Bundestag,,
mauer-mahnmal.de,Federal Agency,Bundestag,,
m.budget.bmas.de,Federal Agency,Bundesministerium für Arbeit und Soziales,,
medizinwetter.eu,Federal Agency,Deutscher Wetterdienst,,
meincomeback.de,Federal Agency,Bundesministerium für Arbeit und Soziales,,
mein-comeback.info,Federal Agency,Bundesministerium für Arbeit und Soziales,,
m.einfachteilhaben.de,Federal Agency,Bundesministerium für Arbeit und Soziales,,
meinmicrocredit.com,Federal Agency,Bundesministerium für Arbeit und Soziales,,
meinmicrocredit.de,Federal Agency,Bundesministerium für Arbeit und Soziales,,
meinmicrocredit.eu,Federal Agency,Bundesministerium für Arbeit und Soziales,,
mein-microkredit.com,Federal Agency,Bundesministerium für Arbeit und Soziales,,
meinmicrokredit.de,Federal Agency,Bundesministerium für Arbeit und Soziales,,
mein-microkredit.eu,Federal Agency,Bundesministerium für Arbeit und Soziales,,
meinmicrokredit.org,Federal Agency,Bundesministerium für Arbeit und Soziales,,
meinmikrocredit.com,Federal Agency,Bundesministerium für Arbeit und Soziales,,
meinmikrocredit.de,Federal Agency,Bundesministerium für Arbeit und Soziales,,
meinmikrocredit.eu,Federal Agency,Bundesministerium für Arbeit und Soziales,,
mein-mikrokredit.com,Federal Agency,Bundesministerium für Arbeit und Soziales,,
meinmikrokredit.de,Federal Agency,Bundesministerium für Arbeit und Soziales,,
mein-mikrokredit.eu,Federal Agency,Bundesministerium für Arbeit und Soziales,,
mein-mikrokredit.org,Federal Agency,Bundesministerium für Arbeit und Soziales,,
met4aviation.com,Federal Agency,Deutscher Wetterdienst,,
met4aviation.de,Federal Agency,Deutscher Wetterdienst,,
met4aviation.eu,Federal Agency,Deutscher Wetterdienst,,
met4pilot.com,Federal Agency,Deutscher Wetterdienst,,
met4pilot.de,Federal Agency,Deutscher Wetterdienst,,
met4pilot.eu,Federal Agency,Deutscher Wetterdienst,,
meteoalarm.de,Federal Agency,Deutscher Wetterdienst,,
metlis.eu,Federal Agency,Deutscher Wetterdienst,,
mindestlohn-gilt.de,Federal Agency,Bundesministerium für Arbeit und Soziales,,
mindestlohn-kommt.de,Federal Agency,Bundesministerium für Arbeit und Soziales,,
mindestlohn-wirkt.de,Federal Agency,Bundesministerium für Arbeit und Soziales,,
ministere-federal-des-finances.de,Federal Agency,Bundesministerium der Finanzen,,
mit-mischen.de,Federal Agency,Bundestag,,
mitmischen.tv,Federal Agency,Bundestag,,
mitneuemmut.de,Federal Agency,Bundesministerium für Arbeit und Soziales,,
mks-dialog.de,Federal Agency,Bundesministerium für Verkehr und digitale Infrastruktur,,
mobil.budget.bmas.de,Federal Agency,Bundesministerium für Arbeit und Soziales,,
mobil.einfachteilhaben.de,Federal Agency,Bundesministerium für Arbeit und Soziales,,
monitoring-esf.de,Federal Agency,Bundesministerium für Arbeit und Soziales,,
mo-ro.net,Federal Agency,Bundesministerium für Verkehr und digitale Infrastruktur,,
mo-ro.org,Federal Agency,Bundesministerium für Verkehr und digitale Infrastruktur,,
mri.bund.de,Federal Agency,"Max Rubner-Institut, Bundesforschungsinstitut für Ernährung und Lebensmittel",,
naturgefahrenforschung.de,Federal Agency,Deutscher Wetterdienst,,
netzallianzdeutschland.de,Federal Agency,Bundesministerium für Verkehr und digitale Infrastruktur,,
netzallianz-digitales-deutschland.de,Federal Agency,Bundesministerium für Verkehr und digitale Infrastruktur,,
netzwerk-alleinerziehende.de,Federal Agency,Bundesministerium für Arbeit und Soziales,,
netzwerke-alleinerziehende.de,Federal Agency,Bundesministerium für Arbeit und Soziales,,
neuekulturderarbeit.de,Federal Agency,Bundesministerium für Arbeit und Soziales,,
neue-qualitaet-der-arbeit.de,Federal Agency,Bundesministerium für Arbeit und Soziales,,
neues-jobcenter.de,Federal Agency,Bundesministerium für Arbeit und Soziales,,
oberpruefungsamt.de,Federal Agency,Bundesministerium für Verkehr und digitale Infrastruktur,,
ohnedichkeinwir.de,Federal Agency,Bundesministerium für Arbeit und Soziales,,
ombudsrad.de,Federal Agency,Bundesministerium für Arbeit und Soziales,,
ombudsrat.de,Federal Agency,Bundesministerium für Arbeit und Soziales,,
ombudsrat.info,Federal Agency,Bundesministerium für Arbeit und Soziales,,
ombudsrat.net,Federal Agency,Bundesministerium für Arbeit und Soziales,,
ombudsrat.org,Federal Agency,Bundesministerium für Arbeit und Soziales,,
orghandbuch.de,Federal Agency,Bundesverwaltungsamt,,
oss.bund.de,Federal Agency,Sozialwerk der Inneren Verwaltung des Bundes e.V.,,
ostseeparlamentarierkonferenz2007.de,Federal Agency,Bundestag,,
ostseeparlamentarierkonferenz.de,Federal Agency,Bundestag,,
parlamentsfernsehen.de,Federal Agency,Bundestag,,
parlaments-profi.de,Federal Agency,Bundestag,,
paul-loebe-haus.de,Federal Agency,Bundestag,,
pcmet.com,Federal Agency,Deutscher Wetterdienst,,
pcmet.de,Federal Agency,Deutscher Wetterdienst,,
pc-met.eu,Federal Agency,Deutscher Wetterdienst,,
pei.de,Federal Agency,Paul Ehrlich Institut Bundesinstitut für Impfstoffe und biomedizinische Arzneimittel,,
personalausweisportal.de,Federal Agency,Bundesverwaltungsamt,,
personenstandsrecht.de,Federal Agency,Bundesministerium des Innern,,
polizei.de,Federal Agency,Bundeskriminalamt,,
polizei-deutschland.de,Federal Agency,Bundeskriminalamt,,
polizei-deutschland.eu,Federal Agency,Bundeskriminalamt,,
polizei-info.de,Federal Agency,Bundeskriminalamt,,
pollenflugvorhersage.eu,Federal Agency,Deutscher Wetterdienst,,
projekt-e-demokratie.de,Federal Agency,Bundestag,,
projekt-persoenliches-budget.de,Federal Agency,Bundesministerium für Arbeit und Soziales,,
psyga-check.de,Federal Agency,Bundesministerium für Arbeit und Soziales,,
ptb.de,Federal Agency,Physikalisch-Technische Bundesanstalt,,
punktereform.de,Federal Agency,Bundesministerium für Verkehr und digitale Infrastruktur,,
radwegdeutscheeinheit.de,Federal Agency,Bundesministerium für Verkehr und digitale Infrastruktur,,
raps-benchmark.de,Federal Agency,Deutscher Wetterdienst,,
rccra6.org,Federal Agency,Deutscher Wetterdienst,,
registerfactory.de,Federal Agency,Bundesverwaltungsamt,,
reichstag.eu,Federal Agency,Bundestag,,
reichstagsgebaeude.de,Federal Agency,Bundestag,,
reichstagsgebaeude.eu,Federal Agency,Bundestag,,
rentenpaket.de,Federal Agency,Bundesministerium für Arbeit und Soziales,,
rentenreformpaket.de,Federal Agency,Bundesministerium für Arbeit und Soziales,,
rki.de,Federal Agency,Robert Koch-Institut,,
rth-offenbach.eu,Federal Agency,Deutscher Wetterdienst,,
seewis.de,Federal Agency,Deutscher Wetterdienst,,
seewis.eu,Federal Agency,Deutscher Wetterdienst,,
segelflugwetter.de,Federal Agency,Deutscher Wetterdienst,,
segelflugwetter.eu,Federal Agency,Deutscher Wetterdienst,,
selberhandeln.de,Federal Agency,Bundesministerium für Arbeit und Soziales,,
sgb2.com,Federal Agency,Bundesministerium für Arbeit und Soziales,,
sgb2.eu,Federal Agency,Bundesministerium für Arbeit und Soziales,,
sgb2.info,Federal Agency,Bundesministerium für Arbeit und Soziales,,
sgb2-kennzahlen.de,Federal Agency,Bundesministerium für Arbeit und Soziales,,
sgb2.net,Federal Agency,Bundesministerium für Arbeit und Soziales,,
sgb2.org,Federal Agency,Bundesministerium für Arbeit und Soziales,,
sgb2-reform.de,Federal Agency,Bundesministerium für Arbeit und Soziales,,
sgbii.com,Federal Agency,Bundesministerium für Arbeit und Soziales,,
sgbii.eu,Federal Agency,Bundesministerium für Arbeit und Soziales,,
sgbii-kennzahlen.de,Federal Agency,Bundesministerium für Arbeit und Soziales,,
sgbii.net,Federal Agency,Bundesministerium für Arbeit und Soziales,,
sgbii.org,Federal Agency,Bundesministerium für Arbeit und Soziales,,
sgbzwei.com,Federal Agency,Bundesministerium für Arbeit und Soziales,,
sgbzwei.de,Federal Agency,Bundesministerium für Arbeit und Soziales,,
sgbzwei.eu,Federal Agency,Bundesministerium für Arbeit und Soziales,,
sgbzwei.info,Federal Agency,Bundesministerium für Arbeit und Soziales,,
sgbzwei.net,Federal Agency,Bundesministerium für Arbeit und Soziales,,
sgbzwei.org,Federal Agency,Bundesministerium für Arbeit und Soziales,,
xn--sicher-selbstndig-2qb.de,Federal Agency,Bundesministerium für Arbeit und Soziales,,
so-klingt-europa.de,Federal Agency,Bundesministerium der Finanzen,,
sozialbeirat.de,Federal Agency,Bundesministerium für Arbeit und Soziales,,
soziale-entschaedigung.de,Federal Agency,Bundesministerium für Arbeit und Soziales,,
sozialministerium.eu,Federal Agency,Bundesministerium für Arbeit und Soziales,,
sozialpolitische-informationen.de,Federal Agency,Bundesministerium für Arbeit und Soziales,,
sozialversicherungswahlen.de,Federal Agency,Bundesministerium für Arbeit und Soziales,,
sozialwahl2011.de,Federal Agency,Bundesministerium für Arbeit und Soziales,,
sozialwerk.bund.de,Federal Agency,Sozialwerk der Inneren Verwaltung des Bundes e.V.,,
stabile-finanzmaerkte.de,Federal Agency,Bundesministerium der Finanzen,,
stabile-haushalte.de,Federal Agency,Bundesministerium der Finanzen,,
stabiler-euro.de,Federal Agency,Bundesministerium der Finanzen,,
tagderjobcenter.de,Federal Agency,Bundesministerium für Arbeit und Soziales,,
technisches-referendariat.de,Federal Agency,Bundesministerium für Verkehr und digitale Infrastruktur,,
teilzeit-info.de,Federal Agency,Bundesministerium für Arbeit und Soziales,,
testa-de.net,Federal Agency,Bundesverwaltungsamt,,
the-unseen.org,Federal Agency,Bundesministerium für Arbeit und Soziales,,
thuenen.de,Federal Agency,"Johann Heinrich von Thünen-Institut, Bundesforschungsinstitut für Ländliche Räume, Wald und Fischerei",,
thw.de,Federal Agency,Bundesanstalt Technisches Hilfswerk,,
tln-mobility.eu,Federal Agency,Bundesministerium für Arbeit und Soziales,,
trivis.de,Federal Agency,Deutscher Wetterdienst,,
umweltbundesamt.de,Federal Agency,Umweltbundesamt,,
un-behindertenrechtskonvention.de,Federal Agency,Bundesministerium für Arbeit und Soziales,,
uniohneabi.de,Federal Agency,Bundesministerium für Arbeit und Soziales,,
un-koordinierungsstelle.de,Federal Agency,Bundesministerium für Arbeit und Soziales,,
unsere-rente.com,Federal Agency,Bundesministerium für Arbeit und Soziales,,
unsere-rente.info,Federal Agency,Bundesministerium für Arbeit und Soziales,,
unternehmensservice-demografie.de,Federal Agency,Bundesministerium für Arbeit und Soziales,,
unternehmensservice-demographie.de,Federal Agency,Bundesministerium für Arbeit und Soziales,,
unternehmens-wert-mensch.de,Federal Agency,Bundesministerium für Arbeit und Soziales,,
usd-portal.de,Federal Agency,Bundesministerium für Arbeit und Soziales,,
uv-index.de,Federal Agency,Deutscher Wetterdienst,,
uv-index.eu,Federal Agency,Deutscher Wetterdienst,,
vereintaktiv.de,Federal Agency,Bundesministerium für Arbeit und Soziales,,
xn--vereint-fr-gemeinsame-bildung-tbd.de,Federal Agency,Bundesministerium für Arbeit und Soziales,,
xn--vereint-fr-gleiche-bildung-6zc.de,Federal Agency,Bundesministerium für Arbeit und Soziales,,
vereint-fuer-gemeinsame-bildung.de,Federal Agency,Bundesministerium für Arbeit und Soziales,,
vereint-fuer-gleiche-bildung.de,Federal Agency,Bundesministerium für Arbeit und Soziales,,
verfassungsschutz.de,Federal Agency,Bundesamt für Verfassungsschutz,,
verkehrsminister.de,Federal Agency,Bundesministerium für Verkehr und digitale Infrastruktur,,
verkehrsministerium.de,Federal Agency,Bundesministerium für Verkehr und digitale Infrastruktur,,
vertreterdesbundesinteresses.de,Federal Agency,Vertreter des Bundesinteresses beim Bundesverwaltungsgericht,,
verwaltungsmodernisierung.de,Federal Agency,Bundesverwaltungsamt,,
verwaltungsservicezentrum.de,Federal Agency,Bundesverwaltungsamt,,
vgisc.eu,Federal Agency,Deutscher Wetterdienst,,
vier-punkt-null.de,Federal Agency,Bundesministerium für Arbeit und Soziales,,
v-modell-xt.de,Federal Agency,Bundesverwaltungsamt,,
w3-indikatoren.de,Federal Agency,Bundestag,,
w3-wohlstandsindikatoren.de,Federal Agency,Bundestag,,
was-ist-gute-arbeit.de,Federal Agency,Bundesministerium für Arbeit und Soziales,,
wdrei-indikatoren.de,Federal Agency,Bundestag,,
wdrei-wohlstandsindikatoren.de,Federal Agency,Bundestag,,
we-are-open.info,Federal Agency,Bundesministerium für Arbeit und Soziales,,
wehrbeauftragter.de,Federal Agency,Bundestag,,
wettergefahren.de,Federal Agency,Deutscher Wetterdienst,,
wettergefahren.eu,Federal Agency,Deutscher Wetterdienst,,
wetterlexikon.eu,Federal Agency,Deutscher Wetterdienst,,
wetterwarnungen.eu,Federal Agency,Deutscher Wetterdienst,,
whochdrei-indikatoren.de,Federal Agency,Bundestag,,
whochdrei-wohlstandsindikatoren.de,Federal Agency,Bundestag,,
wiewerdenwirarbeiten.de,Federal Agency,Bundesministerium für Arbeit und Soziales,,
wiewollenwirarbeiten.de,Federal Agency,Bundesministerium für Arbeit und Soziales,,
willkommenindeutschland.info,Federal Agency,Bundesministerium für Arbeit und Soziales,,
wsv.de,Federal Agency,Generaldirektion Wasserstraßen und Schifffahrt,,
wwis.dwd.de,Federal Agency,Deutscher Wetterdienst,,
wwwbund.de,Federal Agency,Bundesverwaltungsamt,,
x500.bund.de,Federal Agency,Bundesamt für Sicherheit in der Informationstechnik,,
xenos-de.de,Federal Agency,Bundesministerium für Arbeit und Soziales,,
yesweareopen.de,Federal Agency,Bundesministerium für Arbeit und Soziales,,
yes-we-are-open.info,Federal Agency,Bundesministerium für Arbeit und Soziales,,
zehnte-ddr-volkskammer.de,Federal Agency,Bundestag,,
zielvereinbarungsregister.de,Federal Agency,Bundesministerium für Arbeit und Soziales,,
zivildienst.de,Federal Agency,Bundesamt für Familie und zivilgesellschaftliche Aufgaben,,
zoll.de,Federal Agency,Bundesministerium der Finanzen,,
zukunftbreitband.de,Federal Agency,Bundesministerium für Verkehr und digitale Infrastruktur,,
zuwes.de,Federal Agency,Bundesverwaltungsamt,,
